SET NAMES UTF8;
DROP DATABASE IF EXISTS lmx;
CREATE DATABASE lmx CHARSET=UTF8;
USE lmx;
#创建文章分类表
CREATE TABLE lmx_word_family(
	f_id TINYINT PRIMARY KEY,
	f_name VARCHAR(8)
);
INSERT INTO lmx_word_family VALUES(1,'Web前端');
INSERT INTO lmx_word_family VALUES(2,'闲文杂谈');
INSERT INTO lmx_word_family VALUES(3,'否头笑铺');
INSERT INTO lmx_word_family VALUES(4,'U3D记录');
#创建文章表
CREATE TABLE lmx_word(
	w_id INT PRIMARY KEY AUTO_INCREMENT,
	w_read VARCHAR(8) DEFAULT '0',
	w_date VARCHAR(10),
	w_title VARCHAR(128),
	w_cont VARCHAR(8000),
	w_isAuthor TINYINT(1),
	family_id TINYINT,
	FOREIGN KEY(family_id) REFERENCES lmx_word_family(f_id)
);
INSERT INTO lmx_word VALUES(null,DEFAULT,'2019/1/3','前端学习笔记——MySQL篇1','测试文章1Lorem ipsum dolor sit amet, consectetur adipisicing elit. Modi reprehenderit odit officia quo aut neque veritatis dicta hic quasi perferendis vero ipsam debitis vel doloribus facere voluptas atque. Similique at.',1,1);
INSERT INTO lmx_word VALUES(null,DEFAULT,'2019/1/3','前端学习笔记——MySQL篇2','测试文章2Lorem ipsum dolor sit amet, consectetur adipisicing elit. Modi reprehenderit odit officia quo aut neque veritatis dicta hic quasi perferendis vero ipsam debitis vel doloribus facere voluptas atque. Similique at.',1,1);
INSERT INTO lmx_word VALUES(null,DEFAULT,'2019/1/3','前端学习笔记——MySQL篇3','测试文章3Lorem ipsum dolor sit amet, consectetur adipisicing elit. Modi reprehenderit odit officia quo aut neque veritatis dicta hic quasi perferendis vero ipsam debitis vel doloribus facere voluptas atque. Similique at.',0,1);
INSERT INTO lmx_word VALUES(null,DEFAULT,'2019/1/3','前端学习笔记——MySQL篇4','测试文章4Lorem ipsum dolor sit amet, consectetur adipisicing elit. Modi reprehenderit odit officia quo aut neque veritatis dicta hic quasi perferendis vero ipsam debitis vel doloribus facere voluptas atque. Similique at.',0,1);
INSERT INTO lmx_word VALUES(null,DEFAULT,'2019/1/3','前端学习笔记——MySQL篇5','测试文章5Lorem ipsum dolor sit amet, consectetur adipisicing elit. Modi reprehenderit odit officia quo aut neque veritatis dicta hic quasi perferendis vero ipsam debitis vel doloribus facere voluptas atque. Similique at.',0,1);
INSERT INTO lmx_word VALUES(null,DEFAULT,'2019/1/3','前端学习笔记——MySQL篇6','测试文章6Lorem ipsum dolor sit amet, consectetur adipisicing elit. Modi reprehenderit odit officia quo aut neque veritatis dicta hic quasi perferendis vero ipsam debitis vel doloribus facere voluptas atque. Similique at.',1,1);
INSERT INTO lmx_word VALUES(null,DEFAULT,'2019/1/3','前端学习笔记——MySQL篇7','测试文章1Lorem ipsum dolor sit amet, consectetur adipisicing elit. Modi reprehenderit odit officia quo aut neque veritatis dicta hic quasi perferendis vero ipsam debitis vel doloribus facere voluptas atque. Similique at.',1,1);
INSERT INTO lmx_word VALUES(null,DEFAULT,'2019/1/3','前端学习笔记——MySQL篇8','测试文章2Lorem ipsum dolor sit amet, consectetur adipisicing elit. Modi reprehenderit odit officia quo aut neque veritatis dicta hic quasi perferendis vero ipsam debitis vel doloribus facere voluptas atque. Similique at.',1,1);
INSERT INTO lmx_word VALUES(null,DEFAULT,'2019/1/3','前端学习笔记——MySQL篇9','测试文章3Lorem ipsum dolor sit amet, consectetur adipisicing elit. Quibusdam hic quis doloremque consequuntur iure dolor illum sunt exercitationem vel nulla facilis deleniti omnis ratione ea sequi quasi voluptas voluptate saepe odio beatae eaque. Quaerat officia architecto molestiae vero voluptate quae reprehenderit omnis exercitationem. Explicabo eaque debitis nisi quam quod culpa velit consectetur illum magnam error necessitatibus repellat architecto voluptatibus quas dolor asperiores officia accusantium praesentium eos repellendus iusto assumenda est. Delectus adipisci enim ullam consequatur nostrum non modi iste ea cumque vitae doloremque et provident pariatur doloribus numquam aperiam veritatis atque maiores accusamus impedit dolorum deserunt qui rerum in sint tempora porro nihil! Laudantium consequuntur omnis libero tempore quasi debitis voluptatum veritatis. Sed consectetur repellendus commodi quisquam ad. Pariatur ipsum voluptatibus dolore officiis exercitationem tenetur consequatur excepturi ad quaerat inventore sint necessitatibus ducimus eaque nobis dicta sapiente quo dignissimos ipsam harum sunt. Sequi ratione expedita alias sed obcaecati minus nam aspernatur voluptas excepturi ullam voluptatibus sit hic tenetur quod laudantium architecto vel. Odit harum ad fugit eos nobis commodi voluptas consectetur numquam alias eveniet aliquid voluptatem similique totam velit nulla. Accusantium est nisi consequuntur quo numquam recusandae deserunt corrupti aliquam magnam cupiditate eius et laborum natus molestiae suscipit voluptates repudiandae ducimus officiis. Nobis fugiat itaque quaerat culpa quis assumenda ea beatae quidem maxime odio ipsa numquam qui vero est illum totam excepturi adipisci distinctio enim sunt voluptatibus ullam perferendis repellat fugit possimus pariatur praesentium eveniet saepe explicabo cupiditate tempore molestiae nihil quos laborum hic tenetur maiores porro cum ut ipsam quibusdam rem ratione eius non vitae deserunt nam incidunt quia aliquid nulla. Aliquid voluptates dolores neque recusandae numquam aperiam excepturi praesentium dolorum perspiciatis perferendis iure ut! Voluptatum quibusdam recusandae nihil aspernatur delectus laboriosam rerum similique expedita soluta dolore maiores fuga dicta iure. Provident eveniet dignissimos eaque odio vero quisquam esse sapiente consequuntur quasi ut nam deserunt maxime veniam veritatis magnam sint non fuga ea est omnis asperiores necessitatibus a sed. Molestiae obcaecati illum quod consectetur repellendus vero sapiente expedita earum officia eaque consequuntur amet consequatur dolorem ipsum cum! Libero pariatur esse magni nulla atque fugiat nobis laboriosam laudantium possimus assumenda dolores reprehenderit minus dolorem autem quibusdam beatae perspiciatis ab odio quo voluptate. Exercitationem unde ex cupiditate debitis sequi nesciunt animi quibusdam nihil quaerat architecto nisi eius laudantium facilis officia repellendus. Inventore at sapiente fugit deserunt dolorum aliquam ex quod officia vero vel voluptate debitis minima molestiae delectus nemo deleniti sunt sint explicabo labore reprehenderit! Iusto sed deserunt ratione qui corporis a repellat quas facilis voluptatum repellendus blanditiis rem vero in eius alias. Nihil tempora facere repudiandae quos voluptatibus et sed aliquam id? Architecto molestias maxime tempora ipsam fuga velit expedita voluptates quas optio officia nemo sapiente corporis distinctio ullam voluptatem perspiciatis odit est facilis cupiditate aut asperiores vero beatae veritatis veniam eum nesciunt debitis dolor dolorem necessitatibus repellat voluptatum nihil quo cumque doloribus odio laborum eligendi ducimus unde a dolore! Saepe eaque earum ipsum numquam nemo quia inventore quaerat ea beatae distinctio nam voluptatum neque error. Id officiis laboriosam ex beatae totam ullam tenetur esse repellat quos animi blanditiis doloremque nemo neque architecto ipsa amet consequuntur doloribus quod fuga veritatis autem velit recusandae praesentium magnam placeat reprehenderit eum. Modi eaque vel minus dolor sequi doloremque animi molestiae aperiam sint dignissimos totam ipsa eos atque suscipit et rem amet deserunt corporis inventore alias fugit non architecto quisquam expedita neque omnis nesciunt veniam quos velit vitae dolores ut quod quae repudiandae nobis ipsum debitis. In dicta fuga dolore laborum voluptate ad cupiditate possimus doloribus itaque corporis nemo perferendis praesentium enim temporibus iste fugit ipsa. Quisquam provident veniam hic impedit possimus repudiandae accusamus iusto tempora dicta porro fugit harum quam quia quos necessitatibus voluptatibus eveniet error tenetur nisi quis libero dolores odio quas! Doloribus facilis alias praesentium dolore aspernatur dolor aut deserunt nam. A eum voluptatem temporibus sit deleniti neque iste id cum aut! Inventore enim delectus saepe tenetur ea ipsam tempora laboriosam expedita ipsum unde mollitia sed veritatis deleniti modi quibusdam in totam nisi quo natus rem officiis earum qui impedit alias esse voluptatibus hic aperiam illo accusantium obcaecati beatae quae eum odit! Aliquid iure soluta saepe cupiditate dignissimos dolores ipsa repellat aliquam corrupti repellendus fugit quo ad quas quod consectetur officia eos? Minus quaerat quidem tempora quibusdam natus eveniet numquam corporis ab. Iure vero soluta illo dignissimos deserunt totam dicta possimus perspiciatis ipsam quidem. Mollitia officiis assumenda perspiciatis repellat repudiandae nemo doloribus excepturi fuga asperiores labore fugit tempore quas minus omnis vitae laboriosam incidunt ab dignissimos quibusdam a fugiat nostrum rem ut ducimus suscipit necessitatibus quos minima rerum explicabo. Aperiam modi quisquam iste tenetur commodi deserunt molestiae debitis asperiores nisi earum dolores voluptatem impedit officia officiis voluptatibus aliquam minus reprehenderit deleniti ex voluptas rerum odit unde eligendi fuga harum omnis necessitatibus totam similique error nobis at accusantium sequi eum vero veniam beatae esse. Ut culpa quasi veniam maxime rem in voluptatem hic tenetur molestiae expedita consequuntur eligendi temporibus enim ratione ullam illum similique sed inventore nam quod. Similique dolorem mollitia illum magni sed dignissimos nisi eum eligendi iusto in ea consequuntur aperiam alias. Officia autem sint porro saepe ut delectus hic ea fugiat reprehenderit quia dolores aliquid eos maxime nesciunt cumque sunt quo neque error accusantium enim itaque fuga aperiam laborum nisi nihil eum aliquam obcaecati repellendus commodi vel repellat dolorem earum omnis. Assumenda reprehenderit minima reiciendis unde deleniti aut maxime sunt molestias facilis modi in expedita consequuntur asperiores placeat nesciunt dolores velit ipsum cumque eligendi repellendus. Repellendus labore eum ipsum adipisci eaque exercitationem est fugiat cupiditate nisi animi at totam harum quis magnam neque ratione odio quas illo amet praesentium. Molestiae delectus totam cum eligendi ducimus voluptates ex quibusdam asperiores distinctio culpa excepturi impedit atque cupiditate quasi sunt tempore et saepe temporibus repellat numquam doloribus sed explicabo amet quod provident repellendus dolorum at perspiciatis obcaecati ut adipisci ab blanditiis esse. Voluptates mollitia soluta a nihil natus cupiditate deleniti corporis itaque distinctio porro obcaecati enim velit atque hic quos rerum eos quibusdam nulla nemo fugit eligendi quam blanditiis corrupti totam et?Lorem ipsum dolor sit amet, consectetur adipisicing elit. Modi reprehenderit odit officia quo aut neque veritatis dicta hic quasi perferendis vero ipsam debitis vel doloribus facere voluptas atque. Similique at.',0,1);
INSERT INTO lmx_word VALUES(null,DEFAULT,'2019/1/3','闲文杂谈——MySQL篇1','测试文章1Lorem ipsum dolor sit amet, consectetur adipisicing elit. Modi reprehenderit odit officia quo aut neque veritatis dicta hic quasi perferendis vero ipsam debitis vel doloribus facere voluptas atque. Similique at.',1,2);
INSERT INTO lmx_word VALUES(null,DEFAULT,'2019/1/3','闲文杂谈——MySQL篇2','测试文章2Lorem ipsum dolor sit amet, consectetur adipisicing elit. Modi reprehenderit odit officia quo aut neque veritatis dicta hic quasi perferendis vero ipsam debitis vel doloribus facere voluptas atque. Similique at.',1,2);
INSERT INTO lmx_word VALUES(null,DEFAULT,'2019/1/3','闲文杂谈——MySQL篇3','测试文章3Lorem ipsum dolor sit amet, consectetur adipisicing elit. Modi reprehenderit odit officia quo aut neque veritatis dicta hic quasi perferendis vero ipsam debitis vel doloribus facere voluptas atque. Similique at.',0,2);
INSERT INTO lmx_word VALUES(null,DEFAULT,'2019/1/3','闲文杂谈——MySQL篇4','测试文章4Lorem ipsum dolor sit amet, consectetur adipisicing elit. Modi reprehenderit odit officia quo aut neque veritatis dicta hic quasi perferendis vero ipsam debitis vel doloribus facere voluptas atque. Similique at.',0,2);
INSERT INTO lmx_word VALUES(null,DEFAULT,'2019/1/3','闲文杂谈——MySQL篇5','测试文章5Lorem ipsum dolor sit amet, consectetur adipisicing elit. Modi reprehenderit odit officia quo aut neque veritatis dicta hic quasi perferendis vero ipsam debitis vel doloribus facere voluptas atque. Similique at.',0,2);
INSERT INTO lmx_word VALUES(null,DEFAULT,'2019/1/3','闲文杂谈——MySQL篇6','测试文章6Lorem ipsum dolor sit amet, consectetur adipisicing elit. Modi reprehenderit odit officia quo aut neque veritatis dicta hic quasi perferendis vero ipsam debitis vel doloribus facere voluptas atque. Similique at.',1,2);
INSERT INTO lmx_word VALUES(null,DEFAULT,'2019/1/3','闲文杂谈——MySQL篇7','测试文章4Lorem ipsum dolor sit amet, consectetur adipisicing elit. Modi reprehenderit odit officia quo aut neque veritatis dicta hic quasi perferendis vero ipsam debitis vel doloribus facere voluptas atque. Similique at.',0,2);
INSERT INTO lmx_word VALUES(null,DEFAULT,'2019/1/3','闲文杂谈——MySQL篇8','测试文章5Lorem ipsum dolor sit amet, consectetur adipisicing elit. Modi reprehenderit odit officia quo aut neque veritatis dicta hic quasi perferendis vero ipsam debitis vel doloribus facere voluptas atque. Similique at.',0,2);
INSERT INTO lmx_word VALUES(null,DEFAULT,'2019/1/3','闲文杂谈——MySQL篇9','测试文章6Lorem ipsum dolor sit amet, consectetur adipisicing elit. Quibusdam hic quis doloremque consequuntur iure dolor illum sunt exercitationem vel nulla facilis deleniti omnis ratione ea sequi quasi voluptas voluptate saepe odio beatae eaque. Quaerat officia architecto molestiae vero voluptate quae reprehenderit omnis exercitationem. Explicabo eaque debitis nisi quam quod culpa velit consectetur illum magnam error necessitatibus repellat architecto voluptatibus quas dolor asperiores officia accusantium praesentium eos repellendus iusto assumenda est. Delectus adipisci enim ullam consequatur nostrum non modi iste ea cumque vitae doloremque et provident pariatur doloribus numquam aperiam veritatis atque maiores accusamus impedit dolorum deserunt qui rerum in sint tempora porro nihil! Laudantium consequuntur omnis libero tempore quasi debitis voluptatum veritatis. Sed consectetur repellendus commodi quisquam ad. Pariatur ipsum voluptatibus dolore officiis exercitationem tenetur consequatur excepturi ad quaerat inventore sint necessitatibus ducimus eaque nobis dicta sapiente quo dignissimos ipsam harum sunt. Sequi ratione expedita alias sed obcaecati minus nam aspernatur voluptas excepturi ullam voluptatibus sit hic tenetur quod laudantium architecto vel. Odit harum ad fugit eos nobis commodi voluptas consectetur numquam alias eveniet aliquid voluptatem similique totam velit nulla. Accusantium est nisi consequuntur quo numquam recusandae deserunt corrupti aliquam magnam cupiditate eius et laborum natus molestiae suscipit voluptates repudiandae ducimus officiis. Nobis fugiat itaque quaerat culpa quis assumenda ea beatae quidem maxime odio ipsa numquam qui vero est illum totam excepturi adipisci distinctio enim sunt voluptatibus ullam perferendis repellat fugit possimus pariatur praesentium eveniet saepe explicabo cupiditate tempore molestiae nihil quos laborum hic tenetur maiores porro cum ut ipsam quibusdam rem ratione eius non vitae deserunt nam incidunt quia aliquid nulla. Aliquid voluptates dolores neque recusandae numquam aperiam excepturi praesentium dolorum perspiciatis perferendis iure ut! Voluptatum quibusdam recusandae nihil aspernatur delectus laboriosam rerum similique expedita soluta dolore maiores fuga dicta iure. Provident eveniet dignissimos eaque odio vero quisquam esse sapiente consequuntur quasi ut nam deserunt maxime veniam veritatis magnam sint non fuga ea est omnis asperiores necessitatibus a sed. Molestiae obcaecati illum quod consectetur repellendus vero sapiente expedita earum officia eaque consequuntur amet consequatur dolorem ipsum cum! Libero pariatur esse magni nulla atque fugiat nobis laboriosam laudantium possimus assumenda dolores reprehenderit minus dolorem autem quibusdam beatae perspiciatis ab odio quo voluptate. Exercitationem unde ex cupiditate debitis sequi nesciunt animi quibusdam nihil quaerat architecto nisi eius laudantium facilis officia repellendus. Inventore at sapiente fugit deserunt dolorum aliquam ex quod officia vero vel voluptate debitis minima molestiae delectus nemo deleniti sunt sint explicabo labore reprehenderit! Iusto sed deserunt ratione qui corporis a repellat quas facilis voluptatum repellendus blanditiis rem vero in eius alias. Nihil tempora facere repudiandae quos voluptatibus et sed aliquam id? Architecto molestias maxime tempora ipsam fuga velit expedita voluptates quas optio officia nemo sapiente corporis distinctio ullam voluptatem perspiciatis odit est facilis cupiditate aut asperiores vero beatae veritatis veniam eum nesciunt debitis dolor dolorem necessitatibus repellat voluptatum nihil quo cumque doloribus odio laborum eligendi ducimus unde a dolore! Saepe eaque earum ipsum numquam nemo quia inventore quaerat ea beatae distinctio nam voluptatum neque error. Id officiis laboriosam ex beatae totam ullam tenetur esse repellat quos animi blanditiis doloremque nemo neque architecto ipsa amet consequuntur doloribus quod fuga veritatis autem velit recusandae praesentium magnam placeat reprehenderit eum. Modi eaque vel minus dolor sequi doloremque animi molestiae aperiam sint dignissimos totam ipsa eos atque suscipit et rem amet deserunt corporis inventore alias fugit non architecto quisquam expedita neque omnis nesciunt veniam quos velit vitae dolores ut quod quae repudiandae nobis ipsum debitis. In dicta fuga dolore laborum voluptate ad cupiditate possimus doloribus itaque corporis nemo perferendis praesentium enim temporibus iste fugit ipsa. Quisquam provident veniam hic impedit possimus repudiandae accusamus iusto tempora dicta porro fugit harum quam quia quos necessitatibus voluptatibus eveniet error tenetur nisi quis libero dolores odio quas! Doloribus facilis alias praesentium dolore aspernatur dolor aut deserunt nam. A eum voluptatem temporibus sit deleniti neque iste id cum aut! Inventore enim delectus saepe tenetur ea ipsam tempora laboriosam expedita ipsum unde mollitia sed veritatis deleniti modi quibusdam in totam nisi quo natus rem officiis earum qui impedit alias esse voluptatibus hic aperiam illo accusantium obcaecati beatae quae eum odit! Aliquid iure soluta saepe cupiditate dignissimos dolores ipsa repellat aliquam corrupti repellendus fugit quo ad quas quod consectetur officia eos? Minus quaerat quidem tempora quibusdam natus eveniet numquam corporis ab. Iure vero soluta illo dignissimos deserunt totam dicta possimus perspiciatis ipsam quidem. Mollitia officiis assumenda perspiciatis repellat repudiandae nemo doloribus excepturi fuga asperiores labore fugit tempore quas minus omnis vitae laboriosam incidunt ab dignissimos quibusdam a fugiat nostrum rem ut ducimus suscipit necessitatibus quos minima rerum explicabo. Aperiam modi quisquam iste tenetur commodi deserunt molestiae debitis asperiores nisi earum dolores voluptatem impedit officia officiis voluptatibus aliquam minus reprehenderit deleniti ex voluptas rerum odit unde eligendi fuga harum omnis necessitatibus totam similique error nobis at accusantium sequi eum vero veniam beatae esse. Ut culpa quasi veniam maxime rem in voluptatem hic tenetur molestiae expedita consequuntur eligendi temporibus enim ratione ullam illum similique sed inventore nam quod. Similique dolorem mollitia illum magni sed dignissimos nisi eum eligendi iusto in ea consequuntur aperiam alias. Officia autem sint porro saepe ut delectus hic ea fugiat reprehenderit quia dolores aliquid eos maxime nesciunt cumque sunt quo neque error accusantium enim itaque fuga aperiam laborum nisi nihil eum aliquam obcaecati repellendus commodi vel repellat dolorem earum omnis. Assumenda reprehenderit minima reiciendis unde deleniti aut maxime sunt molestias facilis modi in expedita consequuntur asperiores placeat nesciunt dolores velit ipsum cumque eligendi repellendus. Repellendus labore eum ipsum adipisci eaque exercitationem est fugiat cupiditate nisi animi at totam harum quis magnam neque ratione odio quas illo amet praesentium. Molestiae delectus totam cum eligendi ducimus voluptates ex quibusdam asperiores distinctio culpa excepturi impedit atque cupiditate quasi sunt tempore et saepe temporibus repellat numquam doloribus sed explicabo amet quod provident repellendus dolorum at perspiciatis obcaecati ut adipisci ab blanditiis esse. Voluptates mollitia soluta a nihil natus cupiditate deleniti corporis itaque distinctio porro obcaecati enim velit atque hic quos rerum eos quibusdam nulla nemo fugit eligendi quam blanditiis corrupti totam et?Lorem ipsum dolor sit amet, consectetur adipisicing elit. Modi reprehenderit odit officia quo aut neque veritatis dicta hic quasi perferendis vero ipsam debitis vel doloribus facere voluptas atque. Similique at.',1,2);
INSERT INTO lmx_word VALUES(null,DEFAULT,'2019/1/3','否头笑铺——MySQL篇1','测试文章1Lorem ipsum dolor sit amet, consectetur adipisicing elit. Modi reprehenderit odit officia quo aut neque veritatis dicta hic quasi perferendis vero ipsam debitis vel doloribus facere voluptas atque. Similique at.',1,3);
INSERT INTO lmx_word VALUES(null,DEFAULT,'2019/1/3','否头笑铺——MySQL篇2','测试文章2Lorem ipsum dolor sit amet, consectetur adipisicing elit. Modi reprehenderit odit officia quo aut neque veritatis dicta hic quasi perferendis vero ipsam debitis vel doloribus facere voluptas atque. Similique at.',1,3);
INSERT INTO lmx_word VALUES(null,DEFAULT,'2019/1/3','否头笑铺——MySQL篇3','测试文章3Lorem ipsum dolor sit amet, consectetur adipisicing elit. Modi reprehenderit odit officia quo aut neque veritatis dicta hic quasi perferendis vero ipsam debitis vel doloribus facere voluptas atque. Similique at.',1,3);
INSERT INTO lmx_word VALUES(null,DEFAULT,'2019/1/3','否头笑铺——MySQL篇4','测试文章4Lorem ipsum dolor sit amet, consectetur adipisicing elit. Modi reprehenderit odit officia quo aut neque veritatis dicta hic quasi perferendis vero ipsam debitis vel doloribus facere voluptas atque. Similique at.',0,3);
INSERT INTO lmx_word VALUES(null,DEFAULT,'2019/1/3','否头笑铺——MySQL篇5','测试文章5Lorem ipsum dolor sit amet, consectetur adipisicing elit. Modi reprehenderit odit officia quo aut neque veritatis dicta hic quasi perferendis vero ipsam debitis vel doloribus facere voluptas atque. Similique at.',0,3);
INSERT INTO lmx_word VALUES(null,DEFAULT,'2019/1/3','否头笑铺——MySQL篇6','测试文章6Lorem ipsum dolor sit amet, consectetur adipisicing elit. Modi reprehenderit odit officia quo aut neque veritatis dicta hic quasi perferendis vero ipsam debitis vel doloribus facere voluptas atque. Similique at.',0,3);
INSERT INTO lmx_word VALUES(null,DEFAULT,'2019/1/3','否头笑铺——MySQL篇7','测试文章4Lorem ipsum dolor sit amet, consectetur adipisicing elit. Modi reprehenderit odit officia quo aut neque veritatis dicta hic quasi perferendis vero ipsam debitis vel doloribus facere voluptas atque. Similique at.',0,3);
INSERT INTO lmx_word VALUES(null,DEFAULT,'2019/1/3','否头笑铺——MySQL篇8','测试文章5Lorem ipsum dolor sit amet, consectetur adipisicing elit. Modi reprehenderit odit officia quo aut neque veritatis dicta hic quasi perferendis vero ipsam debitis vel doloribus facere voluptas atque. Similique at.',0,3);
INSERT INTO lmx_word VALUES(null,DEFAULT,'2019/1/3','否头笑铺——MySQL篇9','测试文章6Lorem ipsum dolor sit amet, consectetur adipisicing elit. Quibusdam hic quis doloremque consequuntur iure dolor illum sunt exercitationem vel nulla facilis deleniti omnis ratione ea sequi quasi voluptas voluptate saepe odio beatae eaque. Quaerat officia architecto molestiae vero voluptate quae reprehenderit omnis exercitationem. Explicabo eaque debitis nisi quam quod culpa velit consectetur illum magnam error necessitatibus repellat architecto voluptatibus quas dolor asperiores officia accusantium praesentium eos repellendus iusto assumenda est. Delectus adipisci enim ullam consequatur nostrum non modi iste ea cumque vitae doloremque et provident pariatur doloribus numquam aperiam veritatis atque maiores accusamus impedit dolorum deserunt qui rerum in sint tempora porro nihil! Laudantium consequuntur omnis libero tempore quasi debitis voluptatum veritatis. Sed consectetur repellendus commodi quisquam ad. Pariatur ipsum voluptatibus dolore officiis exercitationem tenetur consequatur excepturi ad quaerat inventore sint necessitatibus ducimus eaque nobis dicta sapiente quo dignissimos ipsam harum sunt. Sequi ratione expedita alias sed obcaecati minus nam aspernatur voluptas excepturi ullam voluptatibus sit hic tenetur quod laudantium architecto vel. Odit harum ad fugit eos nobis commodi voluptas consectetur numquam alias eveniet aliquid voluptatem similique totam velit nulla. Accusantium est nisi consequuntur quo numquam recusandae deserunt corrupti aliquam magnam cupiditate eius et laborum natus molestiae suscipit voluptates repudiandae ducimus officiis. Nobis fugiat itaque quaerat culpa quis assumenda ea beatae quidem maxime odio ipsa numquam qui vero est illum totam excepturi adipisci distinctio enim sunt voluptatibus ullam perferendis repellat fugit possimus pariatur praesentium eveniet saepe explicabo cupiditate tempore molestiae nihil quos laborum hic tenetur maiores porro cum ut ipsam quibusdam rem ratione eius non vitae deserunt nam incidunt quia aliquid nulla. Aliquid voluptates dolores neque recusandae numquam aperiam excepturi praesentium dolorum perspiciatis perferendis iure ut! Voluptatum quibusdam recusandae nihil aspernatur delectus laboriosam rerum similique expedita soluta dolore maiores fuga dicta iure. Provident eveniet dignissimos eaque odio vero quisquam esse sapiente consequuntur quasi ut nam deserunt maxime veniam veritatis magnam sint non fuga ea est omnis asperiores necessitatibus a sed. Molestiae obcaecati illum quod consectetur repellendus vero sapiente expedita earum officia eaque consequuntur amet consequatur dolorem ipsum cum! Libero pariatur esse magni nulla atque fugiat nobis laboriosam laudantium possimus assumenda dolores reprehenderit minus dolorem autem quibusdam beatae perspiciatis ab odio quo voluptate. Exercitationem unde ex cupiditate debitis sequi nesciunt animi quibusdam nihil quaerat architecto nisi eius laudantium facilis officia repellendus. Inventore at sapiente fugit deserunt dolorum aliquam ex quod officia vero vel voluptate debitis minima molestiae delectus nemo deleniti sunt sint explicabo labore reprehenderit! Iusto sed deserunt ratione qui corporis a repellat quas facilis voluptatum repellendus blanditiis rem vero in eius alias. Nihil tempora facere repudiandae quos voluptatibus et sed aliquam id? Architecto molestias maxime tempora ipsam fuga velit expedita voluptates quas optio officia nemo sapiente corporis distinctio ullam voluptatem perspiciatis odit est facilis cupiditate aut asperiores vero beatae veritatis veniam eum nesciunt debitis dolor dolorem necessitatibus repellat voluptatum nihil quo cumque doloribus odio laborum eligendi ducimus unde a dolore! Saepe eaque earum ipsum numquam nemo quia inventore quaerat ea beatae distinctio nam voluptatum neque error. Id officiis laboriosam ex beatae totam ullam tenetur esse repellat quos animi blanditiis doloremque nemo neque architecto ipsa amet consequuntur doloribus quod fuga veritatis autem velit recusandae praesentium magnam placeat reprehenderit eum. Modi eaque vel minus dolor sequi doloremque animi molestiae aperiam sint dignissimos totam ipsa eos atque suscipit et rem amet deserunt corporis inventore alias fugit non architecto quisquam expedita neque omnis nesciunt veniam quos velit vitae dolores ut quod quae repudiandae nobis ipsum debitis. In dicta fuga dolore laborum voluptate ad cupiditate possimus doloribus itaque corporis nemo perferendis praesentium enim temporibus iste fugit ipsa. Quisquam provident veniam hic impedit possimus repudiandae accusamus iusto tempora dicta porro fugit harum quam quia quos necessitatibus voluptatibus eveniet error tenetur nisi quis libero dolores odio quas! Doloribus facilis alias praesentium dolore aspernatur dolor aut deserunt nam. A eum voluptatem temporibus sit deleniti neque iste id cum aut! Inventore enim delectus saepe tenetur ea ipsam tempora laboriosam expedita ipsum unde mollitia sed veritatis deleniti modi quibusdam in totam nisi quo natus rem officiis earum qui impedit alias esse voluptatibus hic aperiam illo accusantium obcaecati beatae quae eum odit! Aliquid iure soluta saepe cupiditate dignissimos dolores ipsa repellat aliquam corrupti repellendus fugit quo ad quas quod consectetur officia eos? Minus quaerat quidem tempora quibusdam natus eveniet numquam corporis ab. Iure vero soluta illo dignissimos deserunt totam dicta possimus perspiciatis ipsam quidem. Mollitia officiis assumenda perspiciatis repellat repudiandae nemo doloribus excepturi fuga asperiores labore fugit tempore quas minus omnis vitae laboriosam incidunt ab dignissimos quibusdam a fugiat nostrum rem ut ducimus suscipit necessitatibus quos minima rerum explicabo. Aperiam modi quisquam iste tenetur commodi deserunt molestiae debitis asperiores nisi earum dolores voluptatem impedit officia officiis voluptatibus aliquam minus reprehenderit deleniti ex voluptas rerum odit unde eligendi fuga harum omnis necessitatibus totam similique error nobis at accusantium sequi eum vero veniam beatae esse. Ut culpa quasi veniam maxime rem in voluptatem hic tenetur molestiae expedita consequuntur eligendi temporibus enim ratione ullam illum similique sed inventore nam quod. Similique dolorem mollitia illum magni sed dignissimos nisi eum eligendi iusto in ea consequuntur aperiam alias. Officia autem sint porro saepe ut delectus hic ea fugiat reprehenderit quia dolores aliquid eos maxime nesciunt cumque sunt quo neque error accusantium enim itaque fuga aperiam laborum nisi nihil eum aliquam obcaecati repellendus commodi vel repellat dolorem earum omnis. Assumenda reprehenderit minima reiciendis unde deleniti aut maxime sunt molestias facilis modi in expedita consequuntur asperiores placeat nesciunt dolores velit ipsum cumque eligendi repellendus. Repellendus labore eum ipsum adipisci eaque exercitationem est fugiat cupiditate nisi animi at totam harum quis magnam neque ratione odio quas illo amet praesentium. Molestiae delectus totam cum eligendi ducimus voluptates ex quibusdam asperiores distinctio culpa excepturi impedit atque cupiditate quasi sunt tempore et saepe temporibus repellat numquam doloribus sed explicabo amet quod provident repellendus dolorum at perspiciatis obcaecati ut adipisci ab blanditiis esse. Voluptates mollitia soluta a nihil natus cupiditate deleniti corporis itaque distinctio porro obcaecati enim velit atque hic quos rerum eos quibusdam nulla nemo fugit eligendi quam blanditiis corrupti totam et?Lorem ipsum dolor sit amet, consectetur adipisicing elit. Modi reprehenderit odit officia quo aut neque veritatis dicta hic quasi perferendis vero ipsam debitis vel doloribus facere voluptas atque. Similique at.',0,3);
INSERT INTO lmx_word VALUES(null,DEFAULT,'2019/1/3','U3D记录——MySQL篇1','测试文章1Lorem ipsum dolor sit amet, consectetur adipisicing elit. Modi reprehenderit odit officia quo aut neque veritatis dicta hic quasi perferendis vero ipsam debitis vel doloribus facere voluptas atque. Similique at.',1,4);
INSERT INTO lmx_word VALUES(null,DEFAULT,'2019/1/3','U3D记录——MySQL篇2','测试文章2Lorem ipsum dolor sit amet, consectetur adipisicing elit. Modi reprehenderit odit officia quo aut neque veritatis dicta hic quasi perferendis vero ipsam debitis vel doloribus facere voluptas atque. Similique at.',1,4);
INSERT INTO lmx_word VALUES(null,DEFAULT,'2019/1/3','U3D记录——MySQL篇3','测试文章3Lorem ipsum dolor sit amet, consectetur adipisicing elit. Modi reprehenderit odit officia quo aut neque veritatis dicta hic quasi perferendis vero ipsam debitis vel doloribus facere voluptas atque. Similique at.',1,4);
INSERT INTO lmx_word VALUES(null,DEFAULT,'2019/1/3','U3D记录——MySQL篇4','测试文章4Lorem ipsum dolor sit amet, consectetur adipisicing elit. Modi reprehenderit odit officia quo aut neque veritatis dicta hic quasi perferendis vero ipsam debitis vel doloribus facere voluptas atque. Similique at.',0,4);
INSERT INTO lmx_word VALUES(null,DEFAULT,'2019/1/3','U3D记录——MySQL篇5','测试文章5Lorem ipsum dolor sit amet, consectetur adipisicing elit. Modi reprehenderit odit officia quo aut neque veritatis dicta hic quasi perferendis vero ipsam debitis vel doloribus facere voluptas atque. Similique at.',0,4);
INSERT INTO lmx_word VALUES(null,DEFAULT,'2019/1/3','U3D记录——MySQL篇6','测试文章6Lorem ipsum dolor sit amet, consectetur adipisicing elit. Modi reprehenderit odit officia quo aut neque veritatis dicta hic quasi perferendis vero ipsam debitis vel doloribus facere voluptas atque. Similique at.',0,4);
INSERT INTO lmx_word VALUES(null,DEFAULT,'2019/1/3','U3D记录——MySQL篇7','测试文章4Lorem ipsum dolor sit amet, consectetur adipisicing elit. Modi reprehenderit odit officia quo aut neque veritatis dicta hic quasi perferendis vero ipsam debitis vel doloribus facere voluptas atque. Similique at.',0,4);
INSERT INTO lmx_word VALUES(null,DEFAULT,'2019/1/3','U3D记录——MySQL篇8','测试文章5Lorem ipsum dolor sit amet, consectetur adipisicing elit. Modi reprehenderit odit officia quo aut neque veritatis dicta hic quasi perferendis vero ipsam debitis vel doloribus facere voluptas atque. Similique at.',0,4);
INSERT INTO lmx_word VALUES(null,DEFAULT,'2019/1/3','U3D记录——MySQL篇9','测试文章6Lorem ipsum dolor sit amet, consectetur adipisicing elit. Quibusdam hic quis doloremque consequuntur iure dolor illum sunt exercitationem vel nulla facilis deleniti omnis ratione ea sequi quasi voluptas voluptate saepe odio beatae eaque. Quaerat officia architecto molestiae vero voluptate quae reprehenderit omnis exercitationem. Explicabo eaque debitis nisi quam quod culpa velit consectetur illum magnam error necessitatibus repellat architecto voluptatibus quas dolor asperiores officia accusantium praesentium eos repellendus iusto assumenda est. Delectus adipisci enim ullam consequatur nostrum non modi iste ea cumque vitae doloremque et provident pariatur doloribus numquam aperiam veritatis atque maiores accusamus impedit dolorum deserunt qui rerum in sint tempora porro nihil! Laudantium consequuntur omnis libero tempore quasi debitis voluptatum veritatis. Sed consectetur repellendus commodi quisquam ad. Pariatur ipsum voluptatibus dolore officiis exercitationem tenetur consequatur excepturi ad quaerat inventore sint necessitatibus ducimus eaque nobis dicta sapiente quo dignissimos ipsam harum sunt. Sequi ratione expedita alias sed obcaecati minus nam aspernatur voluptas excepturi ullam voluptatibus sit hic tenetur quod laudantium architecto vel. Odit harum ad fugit eos nobis commodi voluptas consectetur numquam alias eveniet aliquid voluptatem similique totam velit nulla. Accusantium est nisi consequuntur quo numquam recusandae deserunt corrupti aliquam magnam cupiditate eius et laborum natus molestiae suscipit voluptates repudiandae ducimus officiis. Nobis fugiat itaque quaerat culpa quis assumenda ea beatae quidem maxime odio ipsa numquam qui vero est illum totam excepturi adipisci distinctio enim sunt voluptatibus ullam perferendis repellat fugit possimus pariatur praesentium eveniet saepe explicabo cupiditate tempore molestiae nihil quos laborum hic tenetur maiores porro cum ut ipsam quibusdam rem ratione eius non vitae deserunt nam incidunt quia aliquid nulla. Aliquid voluptates dolores neque recusandae numquam aperiam excepturi praesentium dolorum perspiciatis perferendis iure ut! Voluptatum quibusdam recusandae nihil aspernatur delectus laboriosam rerum similique expedita soluta dolore maiores fuga dicta iure. Provident eveniet dignissimos eaque odio vero quisquam esse sapiente consequuntur quasi ut nam deserunt maxime veniam veritatis magnam sint non fuga ea est omnis asperiores necessitatibus a sed. Molestiae obcaecati illum quod consectetur repellendus vero sapiente expedita earum officia eaque consequuntur amet consequatur dolorem ipsum cum! Libero pariatur esse magni nulla atque fugiat nobis laboriosam laudantium possimus assumenda dolores reprehenderit minus dolorem autem quibusdam beatae perspiciatis ab odio quo voluptate. Exercitationem unde ex cupiditate debitis sequi nesciunt animi quibusdam nihil quaerat architecto nisi eius laudantium facilis officia repellendus. Inventore at sapiente fugit deserunt dolorum aliquam ex quod officia vero vel voluptate debitis minima molestiae delectus nemo deleniti sunt sint explicabo labore reprehenderit! Iusto sed deserunt ratione qui corporis a repellat quas facilis voluptatum repellendus blanditiis rem vero in eius alias. Nihil tempora facere repudiandae quos voluptatibus et sed aliquam id? Architecto molestias maxime tempora ipsam fuga velit expedita voluptates quas optio officia nemo sapiente corporis distinctio ullam voluptatem perspiciatis odit est facilis cupiditate aut asperiores vero beatae veritatis veniam eum nesciunt debitis dolor dolorem necessitatibus repellat voluptatum nihil quo cumque doloribus odio laborum eligendi ducimus unde a dolore! Saepe eaque earum ipsum numquam nemo quia inventore quaerat ea beatae distinctio nam voluptatum neque error. Id officiis laboriosam ex beatae totam ullam tenetur esse repellat quos animi blanditiis doloremque nemo neque architecto ipsa amet consequuntur doloribus quod fuga veritatis autem velit recusandae praesentium magnam placeat reprehenderit eum. Modi eaque vel minus dolor sequi doloremque animi molestiae aperiam sint dignissimos totam ipsa eos atque suscipit et rem amet deserunt corporis inventore alias fugit non architecto quisquam expedita neque omnis nesciunt veniam quos velit vitae dolores ut quod quae repudiandae nobis ipsum debitis. In dicta fuga dolore laborum voluptate ad cupiditate possimus doloribus itaque corporis nemo perferendis praesentium enim temporibus iste fugit ipsa. Quisquam provident veniam hic impedit possimus repudiandae accusamus iusto tempora dicta porro fugit harum quam quia quos necessitatibus voluptatibus eveniet error tenetur nisi quis libero dolores odio quas! Doloribus facilis alias praesentium dolore aspernatur dolor aut deserunt nam. A eum voluptatem temporibus sit deleniti neque iste id cum aut! Inventore enim delectus saepe tenetur ea ipsam tempora laboriosam expedita ipsum unde mollitia sed veritatis deleniti modi quibusdam in totam nisi quo natus rem officiis earum qui impedit alias esse voluptatibus hic aperiam illo accusantium obcaecati beatae quae eum odit! Aliquid iure soluta saepe cupiditate dignissimos dolores ipsa repellat aliquam corrupti repellendus fugit quo ad quas quod consectetur officia eos? Minus quaerat quidem tempora quibusdam natus eveniet numquam corporis ab. Iure vero soluta illo dignissimos deserunt totam dicta possimus perspiciatis ipsam quidem. Mollitia officiis assumenda perspiciatis repellat repudiandae nemo doloribus excepturi fuga asperiores labore fugit tempore quas minus omnis vitae laboriosam incidunt ab dignissimos quibusdam a fugiat nostrum rem ut ducimus suscipit necessitatibus quos minima rerum explicabo. Aperiam modi quisquam iste tenetur commodi deserunt molestiae debitis asperiores nisi earum dolores voluptatem impedit officia officiis voluptatibus aliquam minus reprehenderit deleniti ex voluptas rerum odit unde eligendi fuga harum omnis necessitatibus totam similique error nobis at accusantium sequi eum vero veniam beatae esse. Ut culpa quasi veniam maxime rem in voluptatem hic tenetur molestiae expedita consequuntur eligendi temporibus enim ratione ullam illum similique sed inventore nam quod. Similique dolorem mollitia illum magni sed dignissimos nisi eum eligendi iusto in ea consequuntur aperiam alias. Officia autem sint porro saepe ut delectus hic ea fugiat reprehenderit quia dolores aliquid eos maxime nesciunt cumque sunt quo neque error accusantium enim itaque fuga aperiam laborum nisi nihil eum aliquam obcaecati repellendus commodi vel repellat dolorem earum omnis. Assumenda reprehenderit minima reiciendis unde deleniti aut maxime sunt molestias facilis modi in expedita consequuntur asperiores placeat nesciunt dolores velit ipsum cumque eligendi repellendus. Repellendus labore eum ipsum adipisci eaque exercitationem est fugiat cupiditate nisi animi at totam harum quis magnam neque ratione odio quas illo amet praesentium. Molestiae delectus totam cum eligendi ducimus voluptates ex quibusdam asperiores distinctio culpa excepturi impedit atque cupiditate quasi sunt tempore et saepe temporibus repellat numquam doloribus sed explicabo amet quod provident repellendus dolorum at perspiciatis obcaecati ut adipisci ab blanditiis esse. Voluptates mollitia soluta a nihil natus cupiditate deleniti corporis itaque distinctio porro obcaecati enim velit atque hic quos rerum eos quibusdam nulla nemo fugit eligendi quam blanditiis corrupti totam et?Lorem ipsum dolor sit amet, consectetur adipisicing elit. Modi reprehenderit odit officia quo aut neque veritatis dicta hic quasi perferendis vero ipsam debitis vel doloribus facere voluptas atque. Similique at.',0,4);
#创建管理员表
CREATE TABLE lmx_admin(
	a_id TINYINT PRIMARY KEY,
	a_name VARCHAR(16),
	a_pwd VARCHAR(16)	
);
INSERT INTO lmx_admin VALUES(0,'lingmx','lingmx');
#创建留言信息表
CREATE TABLE lmx_msg(
	m_id INT PRIMARY KEY AUTO_INCREMENT,
	m_date VARCHAR(10),
	m_title VARCHAR(128),
	m_cont VARCHAR(1024),
	m_name VARCHAR(16),
	m_email VARCHAR(32)
);
INSERT INTO lmx_msg VALUES(1,'2018-12-12',null,'留言1 Lorem ipsum dolor sit amet, consectetur adipisicing elit. Modi reprehenderit odit officia quo aut neque veritatis dicta hic quasi perferendis vero ipsam debitis vel doloribus facere voluptas atque. Similique at.','张三',null);
INSERT INTO lmx_msg VALUES(2,'2018-12-12',null,'留言2 Lorem ipsum dolor sit amet, consectetur adipisicing elit. Modi reprehenderit odit officia quo aut neque veritatis dicta hic quasi perferendis vero ipsam debitis vel doloribus facere voluptas atque. Similique at.','李四',null);
INSERT INTO lmx_msg VALUES(3,'2018-12-12',null,'留言3 Lorem ipsum dolor sit amet, consectetur adipisicing elit. Modi reprehenderit odit officia quo aut neque veritatis dicta hic quasi perferendis vero ipsam debitis vel doloribus facere voluptas atque. Similique at.','王二',null);
INSERT INTO lmx_msg VALUES(4,'2018-12-12',null,'留言4 Lorem ipsum dolor sit amet, consectetur adipisicing elit. Modi reprehenderit odit officia quo aut neque veritatis dicta hic quasi perferendis vero ipsam debitis vel doloribus facere voluptas atque. Similique at.','麻子',null);
INSERT INTO lmx_msg VALUES(5,'2018-12-12',null,'留言5 Lorem ipsum dolor sit amet, consectetur adipisicing elit. Modi reprehenderit odit officia quo aut neque veritatis dicta hic quasi perferendis vero ipsam debitis vel doloribus facere voluptas atque. Similique at.','汤姆',null);
INSERT INTO lmx_msg VALUES(6,'2018-12-12',null,'留言6 Lorem ipsum dolor sit amet, consectetur adipisicing elit. Modi reprehenderit odit officia quo aut neque veritatis dicta hic quasi perferendis vero ipsam debitis vel doloribus facere voluptas atque. Similique at.','杰瑞',null);